Brand,Category,Website,Commission,Cookie,Affiliate Network,Application Status,Affiliate URL,Notes
Jasper,AI Writing,https://www.jasper.ai,"25% recurring (12 months); 30% after 100 leads converted",14-45 days (sources vary; confirm in dashboard),FirstPromoter (some listings show Impact),Open,https://www.jasper.ai/partners,Official terms at jasper.ai/legal/affiliates. No branded-keyword bidding allowed. Business plan excluded from commission.
Writesonic,AI Writing,https://writesonic.com,20% recurring up to 12 months,60 days,FirstPromoter,Open,https://writesonic.com/affiliate,Good fit for content/copywriting-focused articles.
Rytr,AI Writing,https://rytr.me,30% recurring for 12 months,60 days,Self-hosted,Open,https://rytr.me/affiliates,Budget-friendly AI writer; easier approval than Jasper/Copy.ai.
Grammarly,AI Writing / Editing,https://www.grammarly.com,"$0.20 per free signup + $20 per paid upgrade (one-time)",90 days,Impact,Open,https://www.grammarly.com/affiliates,Two-step payout (signup + upgrade) means free-tier content can still earn.
Copy.ai,AI Writing,https://www.copy.ai,Rate not published on official page; third-party estimates 20-45%,60 days (third-party estimate),In-house (apply via affiliates.copy.ai),Open,https://affiliates.copy.ai/apply,Official page does not publish fixed terms - confirm exact rate after approval.
Semrush,SEO / Content Tools,https://www.semrush.com,"$100-$300 per sale (up to $450) + $10 per trial",120 days,Impact,Open,https://www.semrush.com/lp/affiliate-program/en/,One of the highest flat payouts in the SEO tool category.
Surfer SEO,SEO / Content Optimization,https://surferseo.com,"Tiered CPA: 75-125% of monthly sub, 15-25% of annual",Not published,PartnerStack,Open,https://surferseo.com/affiliate-program/,Reward scales up after 10 and 50 customers referred.
Frase,SEO / Content Optimization,https://www.frase.io,30% recurring for 12 months (incl. renewals),60 days,FirstPromoter,Open,https://www.frase.io/partners/affiliates,Smaller brand, easier approval; complements Surfer/Semrush content.
Ahrefs,SEO,https://ahrefs.com,~30% recurring monthly,Not confirmed on official page,In-house / Impact (varies by listing),Open,https://ahrefs.com/affiliate-program,Premium SEO tool; strong brand recognition for review/comparison content.
Mangools,SEO (KWFinder),https://mangools.com,35% lifetime recurring,30 days,In-house,Open,https://mangools.com/affiliate,Beginner-friendly SEO tool; lifetime recurring is rare in this category.
Systeme.io,Marketing / Funnel Builder,https://systeme.io,60% recurring commission for the customer's lifetime,Lifetime (no expiry),In-house,Open,https://systeme.io/affiliate-program,Highest confirmed recurring rate researched; good for small-business marketing content.
GetResponse,Email Marketing,https://www.getresponse.com,33% recurring OR $100 one-time bounty (affiliate chooses plan type),Not published,In-house,Open,https://www.getresponse.com/affiliate-programs,Lets you pick recurring vs. one-time model per campaign.
Synthesia,AI Video,https://www.synthesia.io,25% of first-year payments (one-time),60 days,Rewardful,Open,https://www.synthesia.io/partners/affiliates,Strong fit for "AI video for small business" content angle.
InVideo,AI Video,https://invideo.io,50% of first month (monthly) / 25% of first year (annual),120 days,Impact,Open,https://invideo.io/make/affiliate-program/,Long 120-day cookie is useful for slower-converting comparison content.
Veed.io,AI Video,https://www.veed.io,20% initial + 20% recurring (bonus tiers up to 50%),Not published,Impact,Open,https://www.veed.io/affiliate,Tiered structure rewards volume over time.
HeyGen,AI Video (avatars),https://www.heygen.com,20% recurring for 12 months,60 days,Rewardful,Open,https://heygen.getrewardful.com/,Popular for AI-avatar / explainer-video use cases.
Descript,AI Video/Audio Editing,https://www.descript.com,"$25 flat per subscriber (one-time)",Not published,PartnerStack,Open,https://www.descript.com/affiliate,Simple flat bounty; easy to model earnings.
ElevenLabs,AI Voice,https://elevenlabs.io,22% for 12 months (11% on Business plan),90 days,PartnerStack,Open,https://elevenlabs.io/affiliates,Leading AI voice/text-to-speech tool; growing search demand.
Murf,AI Voice,https://murf.ai,20% recurring for 24 months,90 days,PartnerStack,Open,https://murf.ai/partner-with-us/affiliate,Longest recurring window found (24 months) among researched voice tools.
HubSpot,CRM / Marketing Platform,https://www.hubspot.com,Fixed one-time reward per subscription tier (amount varies by plan),Not confirmed on official page,Impact,Open,https://www.hubspot.com/partners/affiliates,Enterprise-recognized brand; good for CRM/marketing-stack comparison content.